Name,Description,Price,Image
"Ferrero Rocher Hazelnut Chocolates, 2-pack","ThisitemmaycurrentlybeinstockatyourlocalCostcowarehouseforimmediatepurchaseatacashandcarryprice.DelightinthedeliciousandindulgenttasteexperienceofFerreroRocher.Awholehazelnut,dippedinsmoothchocolateycream,wrappedinacrispywafer,coatedinmilkchocolateandcoveredinhazelnutpieces.Wrappedingoldandpresentedwithcare,FerreroRocheristheperfectgifttocelebrateyourholidays.Features:Perfectforholidaygifting,sharingandhostingcelebrationsPackagedinaclearplasticboxwithabeautifuldiamondeffect",34.99,https://images.costco-static.com/ImageDelivery/imageService?profileId=12026539&itemId=1262867-894&recipeName=470
"Leonidas Chocolates Traditional Gold and Red Box containing 30 chocolates, 500 g (17.6 oz)","Surpriseyourlovedone;showyourappreciationtofriends,colleaguesandclients.Thisistheopportunitytooffertheworld’srenownedBelgianchocolates.Madeaccordingtocentury-oldtraditionsandflowninfreshfromBrussels.Leonidasguaranteesthefreshnessandqualityofitschocolates.Thesesarealwaysmadeaccordingtotraditionalmethods,usingonlythefinestingredientslike100%purecocoabutterforthecoating,naturalingredientslikefreshbutterandfreshcream,anddelicaciessuchashazelnutsfromTurkey,MorellocherriesfromthePérigord,almondsfromItalyandwalnutsfromGrenoble;inshort,thefinestingredientstheworldhastooffer.Leonidas’entireselectionofBelgianchocolatescomprisesover90differentindividualpiecesinivory,milkordarkchocolatecoveringswithawidevarietyoffillingssuchasfreshbuttercreams,ganacheswithfreshcreams,pralinefillings,softcaramelcentres,marzipananddeliciouslyfreshorangepeelcoveredindarkchocolate.Theassortmentofferedhereincludesthemostpopularchocolates.Features:1x500g(17.6oz)box–30chocolates",44.99,https://images.costco-static.com/ImageDelivery/imageService?profileId=12026539&itemId=209173-894&recipeName=470
Galerie au Chocolat – Milk Chocolate Almond Bark ,"ThemagicmarriageofexquisiteBelgianchocolateandpremiumdoubleroastedalmondsisthebasisforthesedeliciousBelgianchocolatealmondbarks.Thewonderfularomaandcrunchytextureofthealmonds,thenmatchedwithhigh-cocoacontentBelgianmilkanddarkchocolates,thesechocolatesalmondbarksaresuretoimpressFeatures:Eachpackcontains400gramsofalmondbarkSpecifications:Dimensions(LxWxH):15.2cmx8.1cmx7.6cm;(6in.x3.2in.x3in.)Weight:4kg(8.8lb.)",99.99,https://images.costco-static.com/ImageDelivery/imageService?profileId=12026539&itemId=247061-894&recipeName=470
"Galerie au Chocolat Dark Hot Chocolate Shavings, 6-pack","Getreadytoenjoysomeofthebesthotchocolateyouhaveevertasted!ThesecrettothisamazingindulgenceistherealBelgianchocolateshavings,mixedwithwarmmilk(ordareIsaycream?).Asidefrommakinghotchocolate,usetheshavingsasacakedecorationortotopoffyourmorningcappuccino!GalerieauChocolathasbeenproducingsomeofthefinestchocolatesavailableontheCanadianmarketforover30years.AlltheirproductsaremadewithpremiumBelgianchocolate,onlythefinestinclusionsandnoaddedartificialflavourings.Features:Darkhotchocolateshavings–6x200g(7oz.)",29.99,https://images.costco-static.com/ImageDelivery/imageService?profileId=12026539&itemId=1271207-894&recipeName=470
"Kirkland Signature Chocolate Covered Almonds, 1.5 kg (3.3 lb), 2-pack",ThisitemmaycurrentlybeinstockatyourlocalCostcowarehouseforimmediatepurchaseatacashandcarryprice.Chocolatecoveredalmonds2x1.5kg(3.3lb),35.99,https://images.costco-static.com/ImageDelivery/imageService?profileId=12026539&itemId=2919999-894&recipeName=470
Leonidas 60-piece Belgian Chocolate Jewellery Box,"ThisbeautifulsilkjewelleryboxisfilledupwithaveryniceassortmentofLeonidasBelgianchocolates.Thisselectionincludes15chocolatemousse,pralineandbuttercream,andanassortmentof45Belgianchocolatesquares.Surpriseyourlovedoneoryourselfwiththatchicandtastytreat.Features:60-pieceassortedBelgianchocolatetotal–500g(17.6oz.)Silkjewellerybox",59.99,https://images.costco-static.com/ImageDelivery/imageService?profileId=12026539&itemId=3790555-894&recipeName=470
Galerie au Chocolat – Dark Chocolate Almond Bark ,"ThemagicmarriageofexquisiteBelgianchocolateandpremiumdoubleroastedalmondsisthebasisforthesedeliciousBelgianchocolatealmondbarks.Thewonderfularomaandcrunchytextureofthealmonds,thenmatchedwithhigh-cocoacontentBelgianmilkanddarkchocolates,thesechocolatesalmondbarksaresuretoimpress.Features:Eachpackcontains400gramsofalmondbarkSpecifications:Dimensions(LxWxH):15.2cmx8.1cmx7.6cm;(6in.x3.2in.x3in.)Weight:4kg(8.8lb.)",99.99,https://images.costco-static.com/ImageDelivery/imageService?profileId=12026539&itemId=247058-894&recipeName=470
Maple Terroir – Cocoa Dark Chocolate Covered Double Roasted Almonds 6-pack,"MapleTerroirbrandpuremaplesyrupisproducedfromtheregionofChaudiere-Appalaches,Quebec.Theyusesyrupfrommother-naturetoproduceuniqueandtastyproducts.Theiralmondsareroastedin2cycles(doubleroasted)inatraditionalpanningmethod,dippedinpuremaplesyrupanddarkchocolate.Afterbeingair-driedonracks,theyarecoatedincocoapowder.Thistraditionalmethodcreatesacombinationofcaramel-liketasteandcrunchiness.Features:6boxesof150g(5.2oz.)30piecesoftastychocolateperboxNon-GMOroastedalmonds0gtransfatCanadianmadeProducedonequipmentsharedwithdailyeggs,soy,wheat,peanutsandallothernuts",46.99,https://images.costco-static.com/ImageDelivery/imageService?profileId=12026539&itemId=4480005-894&recipeName=470
Belgian Chocolate Fondue Duo,"Thisduoofchocolateisthebestandeasiestwaytogetyourfonduepartystarted.ThisduocomeswithabagofBelgianchocolatehazelnutpralineandabagofclassicBelgianchocolate–perfectfordarkchocolatelovers.Theseexceptionalflavourswillappealtoalltastes.Theyarealsoeasytoprepareandserve–justputinthemicrowavefor45secondstomelt,pourintoafonduepotandserve.Anyunusedportionleftatroomtemperaturecanbereclosedandstoredupto4months.Thesechocolatesarealsoidealforchocolatefountainsaswellasanaccompanimenttoicecream,pancakesanddesserts.Features:Belgianchocolatehazelnutpraline–425g(14.9oz.)ClassicBelgianchocolate–425g(14.9oz.)",29.99,https://images.costco-static.com/ImageDelivery/imageService?profileId=12026539&itemId=345856-894&recipeName=470
"Theobroma 5 Chocolate Sticks Collection Box, 8-pack","TheTheobromaChocolatecollectionboxisanexcellentwaytosharetheTheobromaexperience.Eachboxcontains5ofTheobroma’stopsellingflavours.Theproductsarevegan,organic,fairtradeandhaveaverycleaningredientlist.Therich,silky-smoothtexturereflectsthenobilityoftheorganic,fair-tradebeansused.Amustforfoodiesinsearchofarichcreamydarkchocolate!Theperfectgiftforanyoccasion.Features:OrganiccertifiedFairtradecertifiedNonGMOGlutenfreeVegan",69.99,https://images.costco-static.com/ImageDelivery/imageService?profileId=12026539&itemId=1293833-894&recipeName=470
"Theobroma 72% Dark Chocolate Sticks, 75-count","There’sneverbeenamoresophisticatedwaytogiveyourselfanimpromptutreat,thankstothesebite-sized72%cacaochocolatesticks.These10g(0.35oz.)piecesareperfectforcoffeeshops,restaurants,receptionareasorforthatlittleself-indulgence.Features:OrganiccertifiedFairtradecertifiedNonGMOGlutenfreeVegan",44.99,https://images.costco-static.com/ImageDelivery/imageService?profileId=12026539&itemId=1293832-894&recipeName=470
"Theobroma 60% Dark Chocolate Sticks with Raspberry, 75-count","Adelectablecombo:aburstoffruityflavourwiththedeliciouscrunchoffinechocolate!Realraspberrypiecesaddawholenewdimensiontothechocolate–you’llloveit!These10g(0.35oz.)piecesareperfectforcoffeeshops,restaurants,receptionareasorforthatlittleself-indulgence.Features:OrganiccertifiedFairtradecertifiedNonGMOGlutenfreeVegan",44.99,https://images.costco-static.com/ImageDelivery/imageService?profileId=12026539&itemId=1293831-894&recipeName=470
Maple Terroir – Pure Maple Syrup & Sea Salt Milk Chocolate,"MapleTerroirhascreatedabalanceofseasaltandpuremaplesyrupblendedintohighqualitymilkchocolate,creatingamildsweettastewithatouchofmapleflavor.Thischocolatewillmeltinyourmouthleavingalightcoatofseasaltonyourtongue.Uniquecombination.Features:6x150g(5.3oz.)boxes900g(31.7oz.)ofchocolatesintotal0gtransfat20piecesofindividuallywrappedchocolatesineachboxMadeinCanada",49.99,https://images.costco-static.com/ImageDelivery/imageService?profileId=12026539&itemId=4480010-894&recipeName=470
White Icewine Truffle Dark Chocolate,"2%ofCanadianVidalwhiteIcewineisblendedwithhighqualityBelgiandarkchocolate.Uniquecombinationofmildsweetnesswithalighttasteoficewine.Nottoosweet,nottoostrong.Features:6x210g(7.4oz.)boxes0gtransfat30piecesofindividuallywrappedchocolatesineachboxMadeinCanada1.26kg",64.99,https://images.costco-static.com/ImageDelivery/imageService?profileId=12026539&itemId=4480011-894&recipeName=470
Infusions by Charlie and Sam’s Chocolate Tea Covered Almonds Tin Set,"Experiencechocolatetreatssonew,excitinganddelicious—nonGMOdarkandmilkchocolatetoffeealmondsinfusedwithMatchaGreenTeaorRooibosRedTea!EachcrunchyorganicalmondisenrobedintoffeeandqualityvelvetychocolateandthentripleinfusedwithhighgradeOrganicMatchaorOrganicRooibosproducingaproductthathasadelightfulteagreenteacolourorredteacolour.Thetastingprofileissubtleyetuniqueteaflavour–somethingquiteextraordinaryandnottobemissed.Youdon’tneedtobeatealovertolovethischocolateconfection!Beautifullydesignedtinscomeinamatchinggiftbox—perfectforhomeandofficegiftsaswellasanyonewhoenjoysteaorsweets!Features:NonGMOIngredientsOrganicAlmondsOrganicHighGradeTea",36.99,https://images.costco-static.com/ImageDelivery/imageService?profileId=12026539&itemId=1205002-894&recipeName=470
Infusions by Charlie and Sam’s Tea Infused Chocolate Toffee Almonds - 5-pack,"Experiencechocolatetreatssonew,excitinganddelicious—nonGMOdarkandmilkchocolatetoffeealmondsinfusedwithMatchaGreenTeaorRooibosRedTea!EachcrunchyorganicalmondisenrobedintoffeeandqualityvelvetychocolateandthentripleinfusedwithhighgradeOrganicMatchaorOrganicRooibosproducingaproductthathasadelightfulteagreenteacolourorredteacolour.Thetastingprofileissubtleyetuniqueteaflavour–somethingquiteextraordinaryandnottobemissed.Youdon’tneedtobeatealovertolovethischocolateconfection!Features:NonGMOIngredientsOrganicAlmondsOrganicHighGradeTea",34.99,https://images.costco-static.com/ImageDelivery/imageService?profileId=12026539&itemId=1205005-894&recipeName=470
Charlie & Sam’s Chocolate Basket,"Charlie&Sam’sisbackwithbeautifulbrandnewupscalepackaginginthisexclusivelargesizebasketoverflowingwithexquisitetreats.Indulgentflavoursincludebutterycashewsinrichmilkchocolate,caramelpopcornfullydrenchedindarkchocolate,InfusionsbyCharlie&Sam’sdarkandmilkchocolateteainfusedtoffeealmondsandsomanymoremouthwateringanddelicioussnacks.Atrulysublimeandoneofakindtastesensation.Nottobemissed!Asuperbgiftforthehomeoroffice.Don’tmissoutonthistrulypremiumgiftatvaluepricing.Features:Charlie&Sam’sdarkchocolatecaramelpopcorn–160g(5.6oz.)Charlie&Sam’smilkchocolatecaramels–100g(3.5oz.)Charlie&Sam’sdarkchocolateraspberrybites-100g(3.5oz.)Charlie&Sam’sNutoriouscaramelpopcornwithpecansandalmonds–140g(4.9oz.)Charlie&Sam’sdarkchocolateandpeanutbuttercoveredpretzels–150g(5.3oz.)InfusionsbyCharlie&Sam’sdarkchocolatetoffeealmondmatchaandmilkchocolatetoffeealmondrooibos–120g(4.2oz.)Charlie&Sam’striplepassioncookies–50g(1.8oz.)Charlie&Sam’schocolatechipcookies–50g(1.8oz.)Charlie&Sam’smilkchocolatecashews–57g(2oz.)Charlie&Sam’sGrandcrantrio(milk,dark,yogurtcoveredcranberries)–100g(3.5oz.)",59.99,https://images.costco-static.com/ImageDelivery/imageService?profileId=12026539&itemId=6622431-894&recipeName=470
"Swiss Delice Petits Suisses, Milk Chocolate, 1,5 kg (3.3 lb), 2-pack",ThisitemmaycurrentlybeinstockatyourlocalCostcowarehouseforimmediatepurchaseatacashandcarryprice.Swissmilkchocolatesquares5.5g(0.19oz)piecesMadeinSwitzerland,31.99,https://images.costco-static.com/ImageDelivery/imageService?profileId=12026539&itemId=2102290-894&recipeName=470
"Yupik Organic Choco Bites with Quinoa and Chia, 3-pack","ChocoBitesarehealthysnacksmadeofnutritiousingredients:macapowder,cocoa,puffedquinoaandchiaseeds.Withtheirconvenientpocketsize,theycanbeeasilypackedinlunchboxesorbackpack.Theycanbeusedtomakedecadentdesserts,orasanappetizingtoppingovergranolaorcereal.Features:Goodsourceoffibre,andironRichinantioxidantsandomega-3sCertifiedorganicCertifiedkosher",79.99,https://images.costco-static.com/ImageDelivery/imageService?profileId=12026539&itemId=1267237-894&recipeName=470
"M&M's, Peanut, 1.58 kg (3.48 lb), 2 Pack",ThisitemmaycurrentlybeinstockatyourlocalCostcowarehouseforimmediatepurchaseatacashandcarryprice.MadewithRoastedPeanutsandRealMilkChocolateResealableParty-sizeBag2x1.58kg(3.48lb),32.99,https://images.costco-static.com/ImageDelivery/imageService?profileId=12026539&itemId=2145965-894&recipeName=470
Decadent Chocolate Gift Basket,"Chocolatedreamsdocometruewiththisdeluxeanddecadentchocolateassortmentbasket.Thestrikinggeometricmoderncontainerfeaturesfavourites’suchasGodiva,LindtandGhirardellichocolatesaswellasdarkchocolatealmondsandmilkchocolatecashews.It’sbetterthanbeforeasitincludesbothdarkandmilkchocolate—thebestofbothchocolateworlds!Chocolateloverswillalsosavourexquisitebiscuits,caramelnutcorn,BrownieBrittleandmuchmore.Thequintessentialgiftforthechocoholic!Features:Godivamilkchocolatebar–100g(3.5oz.)Ghirardellidarkchocolateseasaltcaramelbar–100g(3.5oz.)Ghirardellimilkchocolatecaramelbar–100g(3.5oz.)Lindt60%extradarkLindorchocolates,3pieces–36g(1.3oz.)SheilaG’sBrownieBrittlechocolatechip–28g(1oz.)ForumcrispychocolatebiscuitsDuoOublies–125g(4.4oz.)InfusionsbyCharlie&Sam’srooibosdarkchocolatetoffeealmondsbox–60g(2.1oz.)UnionStreettriplepassioncookiesbox–200g(7oz.)UnionStreetmilkchocolatecashews–57g(2oz.)UnionStreetdarkchocolatealmonds–70g(2.5oz.)Charlie&Sam’sNutoriouscaramelpopcornwithpecansandalmonds–140g(4.9oz.)Bratsdarkchocolatecaramelpopcorn–160g(5.6oz.)Nextdarkchocolatecherries–28g(1oz.)",69.99,https://images.costco-static.com/ImageDelivery/imageService?profileId=12026539&itemId=662191-894&recipeName=470
Decadent Chocolate Gift Basket 10-pack,"EachsinglepackcontainsthelistingbelowChocolatedreamsdocometruewiththisdeluxeanddecadentchocolateassortmentbasket.Thestrikinggeometricmoderncontainerfeaturesfavourites’suchasGodiva,LindtandGhirardellichocolatesaswellasdarkchocolatealmondsandmilkchocolatecashews.It’sbetterthanbeforeasitincludesbothdarkandmilkchocolate—thebestofbothchocolateworlds!Chocolateloverswillalsosavourexquisitebiscuits,caramelnutcorn,BrownieBrittleandmuchmore.Thequintessentialgiftforthechocoholic!Features:Godivamilkchocolatebar–100g(3.5oz.)Ghirardellidarkchocolateseasaltcaramelbar–100g(3.5oz.)Ghirardellimilkchocolatecaramelbar–100g(3.5oz.)Lindt60%extradarkLindorchocolates,3pieces–36g(1.3oz.)SheilaG’sBrownieBrittlesaltedcaramel–28g(1oz.)ForumcrispybiscuitsDuoOublies–125g(4.4oz.)InfusionsbyCharlie&Sam’srooibosdarkchocolatetoffeealmondsbox–60g(2.1oz.)UnionStreettriplepassioncookiesbox–200g(7oz.)UnionStreetmilkchocolatecashews–57g(2oz.)UnionStreetdarkchocolatealmonds–70g(2.5oz.)Charlie&Sam’sNutoriouscaramelpopcornwithpecansandalmonds–140g(4.9oz.)Bratsdarkchocolatecaramelpopcorn–160g(5.6oz.)Nextdarkchocolatecherries–28g(1oz.)",599.99,https://images.costco-static.com/ImageDelivery/imageService?profileId=12026539&itemId=662192-894&recipeName=470
Maple Terroir – Assortment of Dark Chocolate-covered Fruit ,"MapleTerroirbranddarkchocolatecoveredberrieswithpuremaplesyrupusesrealdriedfruitthatarepickedfromcertainregionsofCanada,dippedinpuremaplesyrupandthendippedinhighqualityBelgiandarkchocolate.Thesechocolatesareproducedusingtraditionalpanningmethodandthenair-driedonracks.Manybrandsinthemarketuseartificialflavoringorconcentrateinplaceofrealdriedfruitorhigherconcentrationofsugarandartificialflavorinsteadofusingpuremaplesyrup.MapleTerroirdoesn’tcompromise,creatingarealdriedfruitcoveredinchocolatewithatouchofCanadiana!Features:3x100g(3.5oz.)darkchocolatecoveredwildblueberrywithpuremaplesyrup3x100g(3.5oz.)darkchocolatecoveredcranberrywithpuremaplesyrup3x100g(3.5oz.)darkchocolatecoveredcherrywithpuremaplesyrup0gtransfat3boxesofeachflavortoenjoyProducedonequipmentshareddailywitheggs,soy,wheat,peanutsandallothernutsMadeinCanadaManuals,Information&GuidesNutritionalFacts",44.99,https://images.costco-static.com/ImageDelivery/imageService?profileId=12026539&itemId=4480012-894&recipeName=470
"Traditional Fudges, Assorted Fudge","Preparedaccordingtotraditionalrecipes,thesecreamyfudgeswillsurelysatisfyanyonelookingforsweettreat.Themostpopularflavoursareofferedinassortedtwo-packstotaling1000g.Eachpieceisvacuum-sealedtokeepthefreshnessupto3monthsiftheproductisproperlystoredatambienttemperaturebetween18°Cand22°C(64°Fand72°F).Onceopened,thefudgeshouldbeeatenwithin3weeks.Availableindifferentflavours:ChocolatemintandBailey'sTiramisuandmaplefudgeBelgianchocolateandcaramelseasaltTriplechocolateandcaramelpecans",39.99,https://images.costco-static.com/ImageDelivery/imageService?profileId=12026539&itemId=10349320-894&recipeName=470
"Galerie au Chocolat Christmas Sleigh of Assorted Chocolates, 6-pack","EachsinglepackcontainsthelistingbelowThissleighisnotmadeforsledding,insteaditisfilledwithsomeofthepremiumchocolateassortments!This6-packofseasonalgiftsissuretomakejustaboutanybodysmile.Perfectforteachers,clients,stafforyourfamily.Indulgeinthesefamousseasaltcaramelandpralinetruffleswhicharemadewith35%cream,realbutterandnopreservatives.SavourthemaplecrunchmilkchocolatebarmadewithrealmaplesyrupandfineBelgianchocolateandfinishoffyourmealwiththesechocolateportocups.Thesedeliciousindividuallywrappedchocolatesquaresaretheperfectbitesizesnackwithyourcoffeeanytimeoftheday!GalerieauChocolathasbeenproducingsomeofthefinestchocolatesavailableontheCanadianmarketforover30years.AlloftheirproductsaremadewithpremiumBelgianchocolate,onlythefinestinclusionsandnoaddedartificialflavourings.Features:Darkchocolateseasaltcaramels–350g(12.3oz)Pralinetruffles–300g(10.6oz.)Darkchocolateportocups–14x65g(2.3oz.)Individuallywrappedmilkanddarkchocolatesquares–190g(6.7oz.)Maplecrunchmilkchocolatebar–100g(3.5oz.)",349.99,https://images.costco-static.com/ImageDelivery/imageService?profileId=12026539&itemId=1271204-894&recipeName=470
Cacao 70 Luxury Gift Box,"Chocolatehasthepowertotakeyouplaces.Acupofhotchocolateandyou’rebackinyourchildhood.Amilkshakeandyou’reina50’sdiner.Ahitofseasaltdarkchocolateandyou’reonadesertedisland.WithCacao70,youareinvitedtocrunch,sip,slurpandsavouryourwaytoastateofchocolate.Atotallydifferent,totallyclassyandtotallyunforgettablegiftforthatspecialperson.Features:4xCacao70“BeantoBar”chocolatebars,80g(2.8oz.)eachLightsOut(dark)–70%darkchocolateSmoothOperator(milk)–45%milkchocolateSailorJane(seasalt)–70%darkchocolateTipTap(maple)–70%darkchocolate6xchocolatefondues,217g(7.6oz.)eachClassicdarkchocolatefondue(darkchocolatebase)Classicmilkchocolatefondue(milkchocolatebase)Pralinechocolatefondue(milkchocolatebase)Matchachocolatefondue(whitechocolatebase)EarlGreychocolatefondue(whitechocolatebase)Blacksesamechocolatefondue(whitechocolatebase)2xpremiumdrinkingchocolate,400g(14.1oz.)eachAmericocoa–cocoapowderwithCACAO70’s“BeantoBar”chocolateshavingsinthemixMercicocoa–spicyversionofAmericocoaManuals,Information&Guidesvar_LCdim5=""2170002"";",139.99,https://images.costco-static.com/ImageDelivery/imageService?profileId=12026539&itemId=2170002-894&recipeName=470
Galerie au Chocolat Combo Ballotin,"ThisduoistheperfectcombinationofelegantEuropeanstylefilledchocolatesandrefreshinglydeliciousmilkchocolatecranberryclustersmadewiththerealthing,OceanSpraydriedcranberries.GalerieauChocolathasbeenproducingfineBelgianchocolatessince1985.AsoneofCanada’sonlyremaininglargemanufacturersusing35%creamasitsprimaryingredient,thesefilledchocolatesprovideacreamytasteprofilenoteasilyfoundtoday.Asforthecranberryclusters,thefestive,fruitynatureofthecranberriesblendsbeautifullywithourlusciousmilkchocolate.Features:Box1:DriedcranberriescoatedinBelgianmilkchocolate–300g(10.6oz.)Box2:AssortedBelgianchocolatesinmilk,darkandwhitechocolatewithcreamyandnut-filledcentres–400g(16.1oz.)Specifications:Dimensions(LxWxH):14.4cmx14.4cmx7.5cm(5.7in.x5.7in.x7.5in.);Weight:0.6kg(1.5lb.)Manuals,Information&GuidesNutritionalFactsandValues",44.99,https://images.costco-static.com/ImageDelivery/imageService?profileId=12026539&itemId=286827-894&recipeName=470
Cacao 70 Large Gift Box,"Chocolatehasthepowertotakeyouplaces.Acupofhotchocolateandyou’rebackinyourchildhood.Amilkshakeandyou’reina50’sdiner.Ahitofseasaltdarkchocolateandyou’reonadesertedisland.WithCacao70,youareinvitedtocrunch,sip,slurpandsavouryourwaytoastateofchocolate.Atotallydifferent,totallyclassyandtotallyunforgettablegiftforthatspecialperson.Features:8xCacao70“BeantoBar”chocolatebars,80g(2.8oz.)each2xLightsOut(dark)–70%darkchocolate2xSmoothOperator(milk)–45%milkchocolateSailorJane(seasalt)–70%darkchocolateTipTap(maple)–70%darkchocolateJackBean(coffee)–70%darkchocolateMintCondition(mint)–70%darkchocolate12xchocolatefondues,217g(7.6oz.)each2xclassicdarkchocolatefondue(darkchocolatebase)Classicmilkchocolatefondue(milkchocolatebase)Classicwhitechocolatefondue(whitechocolatebase)Pralinechocolatefondue(milkchocolatebase)Maplechocolatefondue(milkchocolatebase)Peanutbutterfondue(milkchocolatebase)Matchachocolatefondue(whitechocolatebase)EarlGreychocolatefondue(whitechocolatebase)Coffeechocolatefondue(whitechocolatebase)Blacksesamechocolatefondue(whitechocolatebase)Chaichocolatefondue(whitechocolatebase)2xpremiumdrinkingchocolate,400g(14.1oz.)eachAmericocoa–cocoapowderwithCACAO70’s“BeantoBar”chocolateshavingsinthemixMercicocoa–spicyversionofAmericocoa3xhotcocoapowder,400g(14.1oz.)DarkhotcocoapowderMilkhotcocoapowderBlacksesamehotcocoapowderManuals,Information&Guidesvar_LCdim5=""2170001"";",239.99,https://images.costco-static.com/ImageDelivery/imageService?profileId=12026539&itemId=2170001-894&recipeName=470
"Galerie au Chocolat Prestige box, 4-pack","GalerieauChocolat’sAlmondBarkandCaramelAlmondDreamsmaketheperfectgiftforanyoccasion!Thismultipackoftheirbestsellingtreatsissuretopleaseeventhefinestchocolateconnoisseur’spalette.MadewiththefinestBelgianchocolate,doubleroastedalmondsandchewyhomemadecaramel.GalerieauChocolathasbeenproducingsomeofthefinestchocolatesavailableontheCanadianmarketforover30years.AlltheirproductsaremadewithpremiumBelgianchocolate,onlythefinestinclusionsandnoaddedartificialflavorings.Features:MilkChocolateAlmondBark–300g(10.6oz.)DarkChocolateAlmondBark–300g(10.6oz.)MilkChocolateCaramelAlmondDreams–300g(10.6oz.)DarkChocolateCaramelAlmondDreams–300g(10.6oz.)",124.99,https://images.costco-static.com/ImageDelivery/imageService?profileId=12026539&itemId=1271206-894&recipeName=470
"Lindt Connaisseurs Pralinés, 2-pack","ThisitemmaycurrentlybeinstockatyourlocalCostcowarehouseforimmediatepurchaseatacashandcarryprice.LindtConnaisseursPralinésisanassortmentoffinechocolatepiecescelebratingthetasteandsmoothnessofthebestpralinésandgiandujas,preparedbytheLindtMaîtresChocolatierswiththehighestregardforthechocolatetradition.Forevenmoreindulgence,theMaîtresChocolatiershaveassociatedthemwithnobleingredients:wholehazelnuts,almonds,aswellascacaoandwafersshavings...Features:ExquisiteselectioncreatedbytheLindtMaîtresChocolatiersUniquechocolateexperienceofferingadistinctlysmoothandrich,gourmettasteContains38piecesofassortedpralinesAlmondPralinéCrestaMilkHazelnutClusterHazelnutGiandujaCocoaDomeAlmondClusterCrunchyWaferCrunchyPralinéMadeinFrance",37.99,https://images.costco-static.com/ImageDelivery/imageService?profileId=12026539&itemId=2163569-894&recipeName=470
"Lindt Cornet Box of Assorted Lindor Chocolates, 900 g (2 lb.), 2-pack","ThisitemmaycurrentlybeinstockatyourlocalCostcowarehouseforimmediatepurchaseatacashandcarryprice.TrytheseuniqueLindorchocolates,theperfectcombinationofahardshellwithasmoothmeltingcentre,whichprovidesauniquesensoryexperience.ThebrandisavailableintheassortedCornetbox,containing4differentflavours.Thisisgreatforindividualconsumption,sharingwithothersoralovelygiftidea.Features:MilkLindorDarkLindorWhiteLindorHazelnutLindor",45.99,https://images.costco-static.com/ImageDelivery/imageService?profileId=12026539&itemId=2145866-894&recipeName=470
"Bestar - Sutton 3-piece L-Shape Workstation, Lateral File and Cubby Bookcase","AssemblyRequiredTheSuttonofficesetwillimpressthemostdiscerningoftasteswithitsfinebalanceofrichstyling,warmtonesandmodernaccents.Itisdesignedtomaximizeproductivityandworkspacefortoday’sbusyofficeenvironments.AllaccessoriesfortheSuttonsetfeaturedurable2.5cm(1in.)commercial-gradeworksurfaceswithscratch-,stain-andburn-resistantmelaminefinish.3-pc.setincludes:L-shapeworkstation,lateralfile,andcubbybookcaseFeatures:Colour:BrownorgreyReadytoassembleMadeinCanadaL-ShapeWorkstation:Durable2.5cm(1in.)commercial-gradeworksurfacewithscratch,stainandburn-resistantmelaminefinishFullyreversibledesign,returnsetuponrightorleftsideKeyboardtrayonball-bearingslides2-TieredHutch:Uppersectionwithslidingfrosted-glassdoorsSidesectionwithopenstorageand1fixedshelfWithwiremanagementrailLateralFile:Durable2.5cm(1in.)commercial-gradeworksurfacewithscratch,stainandburn-resistantmelaminefinishBall-bearingslidesLetter/legalfilingsystemCubbyBookcase:4shelves8separatecompartmentsSpecifications:Dimensions(LxWxH)Workstation:159.3cmx165.1cmx159.5cm(62.7in.x65in.x62.8in.)Weight:111.6kg(246lb.)Lateralfile:71.1cmx49.8cmx77.2cm(28in.x19.6in.x30.4in.)Weight:38.1kg(84lb.)Cubbybookcase:81.8cmx29.5cmx159.5cm(32.2in.x11.6in.x62.8in.)Weight:38.1kg(84lb.)",699.99,https://images.costco-static.com/ImageDelivery/imageService?profileId=12026539&itemId=100176766-894&recipeName=470
"Bestar - Sutton 3-piece L-Shape Workstation, Lateral File and Commercial Bookcase","TheSuttonofficesetwillimpressthemostdiscerningoftasteswithitsfinebalanceofrichstylingandmodernaccents.Itisdesignedtomaximizeproductivityandworkspacefortoday’sbusyofficeenvironments.AllaccessoriesfortheSuttonsetfeaturedurable2.5cm(1in.)commercial-gradeworksurfaceswithscratch-,stain-andburn-resistantmelaminefinish.3-pc.setincludes:L-shapeworkstation,lateralfile,andcommercialbookcaseFeatures:Colour:BrownorgreyDurable2.5cm(1in.)commercial-gradeworksurfaceScratch,stainandburn-resistantmelaminefinishAssemblyrequiredMadeinCanadaL-ShapeWorkstation:Fullyreversibledesign,returnsetuponrightorleftsideKeyboardtrayonball-bearingslides2-TieredHutch:Uppersectionwithslidingfrosted-glassdoorsSidesectionwithopenstorageand1fixedshelfWithwiremanagementrailLateralFile:Ball-bearingslidesLetter/legalfilingsystemCommercialBookcase:3adjustableshelvesandtwofixedshelvesMiddleshelfinmelaminefinishwithPVCedgeFinishedbackMetalpinsforadjustableshelvesSpecifications:Dimensions(LxWxH):Workstation:159.3cmx165.1cmx159.5cm(62.7in.x65in.x62.8in.)Weight:111.6kg(246lb.)Lateralfile:71.1cmx49.8cmx77.2cm(28in.x19.6in.x30.4in.)Weight:38.1kg(84lb.)Commercialbookcase:30.1cmx90.2cmx167.3cm(11.9in.x35.5in.x65.9in.)Weight:38.1kg(84lb.)",749.99,https://images.costco-static.com/ImageDelivery/imageService?profileId=12026539&itemId=100176767-894&recipeName=470
"Leonidas Chocolates Traditional Gold and Red Box, 1 kg","Surpriseyourlovedone;showyourappreciationtofriends,colleaguesandclients.Thisistheopportunitytooffertheworld’srenownedBelgianchocolates.Madeaccordingtocentury-oldtraditionsandflowninfreshfromBrussels.Leonidasguaranteesthefreshnessandqualityofitschocolates.Thesesarealwaysmadeaccordingtotraditionalmethods,usingonlythefinestingredientslike100%purecocoabutterforthecoating,naturalingredientslikefreshbutterandfreshcream,anddelicaciessuchashazelnutsfromTurkey,MorellocherriesfromthePérigord,almondsfromItalyandwalnutsfromGrenoble;inshort,thefinestingredientstheworldhastooffer.Leonidas’entireselectionofBelgianchocolatescomprisesover90differentindividualpiecesinivory,milkordarkchocolatecoveringswithawidevarietyoffillingssuchasfreshbuttercreams,ganacheswithfreshcreams,pralinefillings,softcaramelcentres,marzipananddeliciouslyfreshorangepeelcoveredindarkchocolate.Theassortmentofferedhereincludesthemostpopularchocolates.Features:1x1kg(35.2oz.)box–62chocolates",79.99,https://images.costco-static.com/ImageDelivery/imageService?profileId=12026539&itemId=209178-894&recipeName=470
Leonidas – Tasting Gift Box,"Fortheperfectgiftforanyoccasion,hereisagiftboxcontainingaluxuryassortmentofeighthigh-qualityproducts.Youwillfindaboxof20LeonidaschocolatesimporteddirectlyfromBelgium,Leonidaschocolatespread,Belgianchocolatefondue,anassortmentofLeonidaschocolatebars,Miscelad'OrocoffeeimportedfromItalyandapacketofbiscuitsimportedfromBelgium.Thisvarietyofchocolateswillsatisfythemostdiscerningpalate.Enjoy!Features:Aboxof20LeonidasBelgianchocolates–315gAboxofBelgianchocolatefondue–425gAtinofMiscelad'Orocoffee–250gAjarofLeonidaschocolatespread–200gThreepacksofLeonidaschocolatebars–3x50gApacketofBelgianSpeculoosbiscuits–250g",84.99,https://images.costco-static.com/ImageDelivery/imageService?profileId=12026539&itemId=347370-894&recipeName=470
"Godiva Footed Trifle Bowl Gift Basket, 8-pack","ThisitemmaycurrentlybeinstockatyourlocalCostcowarehouseforimmediatepurchaseatacashandcarryprice.EachsinglepackcontainsthelistingbelowIndulgewithafineselectionofdecadentGodivatruffles,chocolatecoveredgrahamcracker,richdarkchocolatehotcocoa,andchocolatecoveredpretzels.Thesedelicioustreatsarepresentedinarefinedfootedclearglassbowl,whichhasalovelyversatility,rangingfromservingtrifledesserts,displayingflowers,orusingasahurricanecandleholder.ThiselegantpieceisperfectfortheGodivaloverinyourlife.Features:Godivadarkchocolatecoveredpretzels–113g(4oz.)Godivamilkchocolatetruffles–30g(1.1oz.)Godivacrèmebrûléechocolatetruffles–30g(1.1oz.)Godivamilkchocolatecoveredgrahamcracker–28g(1oz.)Godivadarkchocolatehotcocoa–41g(1.5oz.)2GodivamilkchocolatecoveredBavarianpretzel–45g(1.6oz.)each1footedclearglassbowl",269.99,https://images.costco-static.com/ImageDelivery/imageService?profileId=12026539&itemId=1263221-894&recipeName=470
Tasty Treats Tower,"Winewlargersizeboxesandabrandnewdesign,therearenowmoretastytreatsreadyforsharingathomeortheoffice.Theblackandgolddesignboxeslookverysleekandsophisticated—awonderfulgifttomakeagoodimpression.Eachboxisfilledtothetopwithyummysnackssuchasseasaltcaramelchews,chocolatechews,specialtycaramelnutpopcorn,yummyjumbocookies,peanutbutteranddarkchocolatepretzelsandmore.Openeachboxtodiscoveranewanddifferenttaste!Features:UnionStreetkettlecorn–200g(7.1oz.)CharlieandSam’sNutoriouscaramelpopcornwithpecansandalmonds–140g(4.9oz.)CharlieandSam’speanutbutteranddarkchocolatepretzels–150g(5.3oz.)Bratsdarkchocolateraspberrychocolates–100g(3.5oz.)Bratsseasaltcaramelchews–100g(3.5oz.)Bratsdarkchocolatetoffeechews–100g(3.5oz.)Patisseriechocolatechipcookies–200g(7.1oz.)Patisserietriplepassioncookies–200g(7.1oz.)",39.99,https://images.costco-static.com/ImageDelivery/imageService?profileId=12026539&itemId=6622500-894&recipeName=470
"Tinsel Town Gift Basket, 10-pack","EachsinglepackcontainsthelistingbelowLooknofurtherforthemostfestivegiftoftheholidayseason!Including10individualgiftbaskets,theTinselTown10-packisnotonlyofincomparablevalue,itistheeasiestwaytoensurethateveryoneonyourlistreceivestheperfectgiftfilledwithanabundanceofdecadent,sweettreats.Whatbetterwaytocelebratetheseasonofgivingthanwithpremiumindulgenceseveryoneissuretolove!Features:Cupidomintchocolatesticks–125g(4.4oz.)Cupidopralinechocolate–125g(4.4oz.)Lindormilkchocolatebar–100g(3.5oz.)Dabble&Drizzlecaramels'moresmix–120g(4.2oz.)Forumcoffeecookies–175g(6.2oz.)Oubliesbiscuits–125g(4.4oz.)Dabble&Drizzleminttwists–78g(2.8oz.)Keepsakewoodennutcracker",399.97,https://images.costco-static.com/ImageDelivery/imageService?profileId=12026539&itemId=1256986-894&recipeName=470
Bestar - Sutton L-Shape Workstation,"AssemblyRequiredTheSuttonworkstationwillimpressthemostdiscerningoftasteswithitsfinebalanceofrichstylingandmodernaccents.Itisdesignedtomaximizeproductivityandworkspacefortoday’sbusyofficeenvironments.Features:Colour:BrownorgreyDurable2.5cm(1in.)commercial-gradeworksurfacewithscratch-,stain-andburn-resistantmelaminefinishFullyreversibledesign,returnsetuponrightorleftsideKeyboardtrayonball-bearingslides2-tieredhutch:Uppersectionwithslidingfrosted-glassdoorsSidesectionwithopenstorageand1fixedshelfWiremanagementrailReadytoassembleSpecifications:Dimensions(LxWxH):159.2cmx165.0cmx159.4cm(62.6in.x65in.x62.8in.)Weight:111.6kg(246lb.)Warranty:10yearslimitedwarrantyModel:88420-47",469.99,https://images.costco-static.com/ImageDelivery/imageService?profileId=12026539&itemId=100176757-894&recipeName=470
Mary Macleod's Shortbread Red Gift Box 6-pack,"MaryMacleod'sshortbreadisadeliciousgiftforanyoccasion!Makegiftingtoclients,staffandjustaboutanyone,veryeasywiththismultipackof6elegantredgiftboxes.EachoneisfilledwithMary’ssignatureBelgianchocolatecrunchshortbread.Andyes,therereallyisaMary!Sheandherteamofartisanalbakershavebeenhand-makingall-butter,all-natural,small-batchcookiesthesamewayforover35years!Features:MaryMacleod’shandmadeallbuttergourmetshortbreadcookiesRedgiftboxisfinishedwithabeautifulgrosgraingiftbowEachboxcontains6x20g(0.7oz.)chocolatecrunchshortbreadcookiesBoxesare10.2cmx10.2cmx8.9cm(4in.x4in.x3.5in.)Manuals,Information&GuidesNutritionalFactsandIngredientsList",54.99,https://images.costco-static.com/ImageDelivery/imageService?profileId=12026539&itemId=1190546-894&recipeName=470
"Mary Macleod’s Red Ornament Snowman Tin, 6-pack","Withafestivesnowmandesign,thisornamenttinistheperfectgiftfortheholidays,featuringasnowmantin,readytohangonthetree,andfilledwith6ofMary’ssignatureBelgianChocolateCrunchShortbreadcookies.Thistincomeswithagift-tagthatmakesiteasytogiveasagifttostaff,colleagues,teachers,friendsandfamily.Simplyhangonthetreeandletthepleasureofyourfamilyfindingittakeplace,ordecorateyourChristmastablewithadelicioustreatandfondChristmasmemories.MaryMacleodandherteamofartisanalbakershavebeenhand-makingall-butter,all-natural,small-batchcookiesthesamewayforover35years.Features:6tinornamentswithasnowmandesign6ChocolateCrunchcookiespackedinafoilpouchpertin20g(0.7oz.)each",64.99,https://images.costco-static.com/ImageDelivery/imageService?profileId=12026539&itemId=1270750-894&recipeName=470
Tinsel Town Gift Basket,"Looknofurtherforthemostfestivegiftoftheholidayseason!TheTinselTownGiftbasketisnotonlyofincomparablevalue,itistheeasiestwaytoensurethateveryoneonyourlistreceivestheperfectgiftfilledwithanabundanceofdecadent,sweettreats.Whatbetterwaytocelebratetheseasonofgivingthanwithpremiumindulgenceseveryoneissuretolove!Features:Cupidomintchocolatesticks–125g(4.4oz.)Cupidopralinechocolate–125g(4.4oz.)Lindormilkchocolatebar–100g(3.5oz.)Dabble&Drizzlecaramels'moresmix–120g(4.2oz.)Forumcoffeecookies–175g(6.2oz.)Oubliesbiscuits–125g(4.4oz.)Dabble&Drizzleminttwists–78g(2.8oz.)Keepsakewoodennutcracker",39.97,https://images.costco-static.com/ImageDelivery/imageService?profileId=12026539&itemId=2256986-894&recipeName=470
Bestar - Sutton Lateral File,"AssemblyRequiredTheSuttonofficesetwillimpressthemostdiscerningoftasteswithitsfinebalanceofrichstylingandmodernaccents.Itisdesignedtomaximizeproductivityandworkspacefortoday’sbusyofficeenvironments.AllaccessoriesfortheSuttonsetfeaturedurable2.5cm(1in.)commercial-gradeworksurfaceswithscratch-,stain-andburn-resistantmelaminefinish.Features:Colour:BrownorgreyDurable2.5cm(1in.)commercial-gradeworksurfacewithscratch-,stain-andburn-resistantmelaminefinishDrawerswithball-bearingslidesandletter/legalfilingsystemReadytoassembleMadeinCanadaSpecifications:Dimensions(LxWxH):71cmx49.8cmx77.1cm(28in.x19.6in.x30.4in.)Weight:36.3kg(80lb.)",179.99,https://images.costco-static.com/ImageDelivery/imageService?profileId=12026539&itemId=100176765-894&recipeName=470
Mary Macleod's Shortbread - Twin Tins of Shortbread Cookies,"MaryMacleod'sshortbreadisanelegantgiftforanyoccasionoraspecialtreatforyou.TheredtinisfilledtothebrimwithMary'ssignaturecookie:Belgianchocolatecrunchshortbread.ThegoldtinisloadedwithanassortmentofMaryMacleod’smostpopularflavours:traditional,BelgianchocolatecrunchandDutchchocolateshortbread.Andyes,therereallyisaMary!Sheandherteamofartisanalbakershavebeenhand-makingall-butter,all-natural,small-batchcookiesthesamewayforover35years!Features:RedtinwithBelgianchocolatecrunchshortbread–1kg(2.2lb.)Goldtinwithassortedshortbreadflavours–1kg(2.2lb.)Model:FG2LTRCGAManuals,Information&GuidesNutritionalFactsandIngredientsList",99.99,https://images.costco-static.com/ImageDelivery/imageService?profileId=12026539&itemId=295761-894&recipeName=470
"Mary Macleod’s Maple Leaf Shortbread Cookies, 15-pack","What’smoreCanadianthanamapleleafshortbreadcookie,madewithpuremaplesyrupandbakedinCanadabyCanadians?Literallynothing.Thispackof15isgreatforCanadacelebrations,clients,colleagues,classmatesandmore.MaryMacleod’steamofartisanalbakershavebeenhandmakingall-butter,all-natural,small-batchcookiesthesamewayforover35years.Features:Handmade,all-buttershortbreadwithanaddedcrunchofmaplesugarpiecesthroughoutthecookieIndividuallywrappedwitharedbowforgiftgivingandcelebratingCanadaEachboxcontains15mapleleafshapedcookiesAtasteofCanadaineverybite",64.99,https://images.costco-static.com/ImageDelivery/imageService?profileId=12026539&itemId=1270752-894&recipeName=470
Mary Macleod’s Shortbread - Shortbread Cookies Harvest Gift Box,"MaryMacleod’sShortbreadisanelegantgiftforanyoccasionandawonderfulwaytogivethanksfortheblessingsinyourlife.Asahostessgiftorforanunforgettableafter-dinnertreat,theHarvestboxcontains2treasures:a17.8-cm(7-in.)roundpackageofMary’ssignatureChocolateCrunchcookiesandaunique12-packoftheSelectionShortbread,tiedupinpretty,bows.Andyes,therereallyisaMary!Sheandherteamofartisanalbakershavebeenhand-makingall-butter,all-natural,small-batchcookiesthesamewayforover35years!Features:ElegantgiftpackageHand-made,all-butter,all-naturalshortbreadOne17.8-cm(7-in.)clearroundofBelgianchocolatecrunchshortbread–450g(15.9oz.)Selectionof12handrolledshortbreadin6flavours–240g(8.5oz.)Model:FGFALLHGFTBXManuals,Information&GuidesNutritionalFactsandIngredientsList",49.99,https://images.costco-static.com/ImageDelivery/imageService?profileId=12026539&itemId=328425-894&recipeName=470
Mary Macleod's Shortbread - Pillow Boxes of Shortbread Cookies 6-pack ,"Crosssixfolksoffyougiftgivinglistatoncewiththenewpillowboxcollection.InsideeachattractivenaturalKraftpaperboxisonedozenofMary’ssignaturecookie–ChocolateCrunchShortbread–justperfectforteacher,secretary,neighboursandmore!Thisconvenientcaseofsixindividualboxesisanexcellentandcost-effectivechoiceforcorporategifting.Andyes,therereallyisaMary!Sheandherteamofartisanalbakershavebeenhand-makingall-butter,all-natural,small-batchcookiesthesamewayforover35years!Features:12ChocolateShortbreadinanelegantKraftpillowbox–6x240g(8.5oz.)EachboxisdecoratedwithaneleganttartanribbonModel:FGPILBXKRSIXManuals,Information&GuidesNutritionalFactsandIngredientsList",99.99,https://images.costco-static.com/ImageDelivery/imageService?profileId=12026539&itemId=335317-894&recipeName=470
Bestar - Bookcase ,"TheBestarbookcasewillimpressthemostdiscerningoftasteswithitsfinebalanceofrichstylingandmodernaccents.Itisdesignedtomaximizestoragefortoday’sbusyofficeenvironments.Features:Colour:Brown,darkbrownorgreyCommercialbookcaseThreeadjustableshelvesandtwofixedshelvesMiddleshelfinmelaminefinishwithPVCedgetomatchtheSuttonworkstationFinishedbackMetalpinsforadjustableshelvesAssemblyrequiredMadeinCanadaSpecifications:Dimensions(LxWxH):30.1cmx90.2cmx167.3cm(11.9in.x35.5in.x65.9in.)Weight:38.1kg(84lb.)Model:44700-69",179.99,https://images.costco-static.com/ImageDelivery/imageService?profileId=12026539&itemId=100215654-894&recipeName=470
Bestar - Cubby Bookcase,"AssemblyRequiredTheBestarcubbybookcasewillimpressthemostdiscerningoftasteswithitsfinebalanceofrichstyling,warmtonesandmodernaccents.Itisdesignedtomaximizestoragefortoday’sbusyofficeenvironments.Features:Colour:Brownorgrey1.9cm(3/4in.)scratch,stainandburn-resistantmelaminefinish4shelvesand8separatecompartmentsReadytoassembleMadeinCanadaSpecifications:Dimensions(LxWxH):29.6cmx81.7cmx159.4cm(11.6in.x32.4in.x62.8in.)Weight:36.3kg(80lb.)Model:88700-1169",139.99,https://images.costco-static.com/ImageDelivery/imageService?profileId=12026539&itemId=10320960-894&recipeName=470
NAGI – Chocolate Almond Makaroons,"EntirelyhandcraftedinsmallbatchesNAGIhascreatedtheirMAKAROONSusingonlythefinestrawandorganicingredients(ofcourse!).Thesenutrientdense“powerballs”arepowerpackedandwillsatisfyyoursweettoothwithoutsendingyourbloodsugarsoaring.Theyalsocontainahealthyamountofprotein,fiber,andgoodfatsyourbodyneeds.Features:16x2packunitsOrganicVegan–plantbasedGluten-freeSoyfreeDairyfree5gofproteinand3goffibre/ballBasedonnuts,super-seedsandcoconut.NOFRUITDelicious,Nutrientdense7monthshelflifefromdateofmanufactureFormaximumshelflifestoreinacoolanddryplaceContainstreenuts.Maycontaintracesofpeanutsand/orsesameMaycontainfragmentsofnut/seedshells.Manuals,Information&GuidesNutritionalFacts",39.99,https://images.costco-static.com/ImageDelivery/imageService?profileId=12026539&itemId=1213820-894&recipeName=470
Sorini Chocolate Truffle Pails 8-pack,"EachsinglepackcontainsthelistingbelowWhatanenchantinggiftforloversoffineEuropeanchocolate!DeliciousSorinimilkchocolatetrufflesarepackagedinafestiveshinymetalpailwithanembosseddiamondpattern.Thesedelightfulpailsareaversatilekeepsaketobeusedforplants,flowersorotherhomedecor.Makesalovelyhostorhostessgift,orforanyoneinyourlifewhoappreciatesfinequalityEuropeanchocolate.Features:Sorinimilkchocolatepralineswithhazelnutandcerealfilling–408g(14.4oz.)",99.99,https://images.costco-static.com/ImageDelivery/imageService?profileId=12026539&itemId=5260016-894&recipeName=470
Made Good Chocolate Chip Organic Granola Bar,"Glutenfreeoatsanddeliciouschocolatechipsthatdeliverantioxidantsandthenutrientsofonefullservingofvegetableswhilesatisfyingyoursweettooth.Peanutfree,treenutfree,wheatfree,dairy-freeandalsofreefromegg,soy,sesame,fishandshellfish.Madeinadedicatednutfreefacility.Gluten-freeandveganwith90caloriesand6-7gramsofsugar.Features:CertifiedorganicandfreefromtopallergensCertifiedgluten-freeContainsnutrientsfoundinoneservingofvegetablesfrom6vegetablesourcesNon-GMOverified",39.99,https://images.costco-static.com/ImageDelivery/imageService?profileId=12026539&itemId=1226755-894&recipeName=470
Kirkland Signature Chocolate Nutrition Shake 2-pack,"ThisitemmaycurrentlybeinstockatyourlocalCostcowarehouseforimmediatepurchaseatacashandcarryprice.KirklandSignature™NutritionShakesupplieskeynutrients.Thisshakeisdesignedtohelpsupplementyourdailynourishmentbyproviding9gramsofproteinand23vitaminsandminerals.Whetheryouhaveaspecificnutritionalneedorjustwanttohelpbalanceyourdiet,thisconvenient,nutritionon-the-gocontainerallowsyoutomeetthosedesires.TheKirklandSignature™shakeformulaisofferedinanenvironmentallyfriendlyandshelf-stableTetraPak.Features9gramsOfProteinPerServingProvides23EssentialVitamins&MineralsForOverallWellnessGreatSourceofCalciumGlutenFreeTransFatFreeTotalof64shakesof242mLeach",49.99,https://images.costco-static.com/ImageDelivery/imageService?profileId=12026539&itemId=1266868-894&recipeName=470
"LeanFit Naturals Whey Protein Chocolate, 2-pack","ThisitemmaycurrentlybeinstockatyourlocalCostcowarehouseforimmediatepurchaseatacashandcarryprice.FuelyourpersonalhealthandfitnessgoalswithLeanfit®naturalswhey,anexcellentsourceofproteinforallages.Leanfit®naturalswheyuses100%naturalflavourandpure,naturalsteviatoprovidejusttherightamountofsweetnessandflavourtodelightyourtastebuds.Notonlyisitdeliciousandnutritious,butLeanFit®NaturalsWheyusesonlynon-GMOingredientstosuityourhealthylifestyle.Yourbodywillthankyouformakingthesmartchoice!Convenient,nutritiousandnaturallygreattasting.Features:2x2kg(70.5oz.)Chocolateflavour25gproteinperservingfrom100%crossflowmicrofilteredwheyproteinsourcesHighinBCAA’s–5.5gBCAAsperservingtopromoteworkoutrecoveryCertifiedbyInformedChoicetobefreeofbannedsubstances64fullservingspercontainerGreattastingandeasytomix130caloriesperservingNoaddedsugar100%naturalflavoursandsweetenersNon-GMONofillers,nopreservatives,noartificialingredientsFreefromgluten,wheat,eggs,nutsandsoySuitableforvegetarians",85.99,https://images.costco-static.com/ImageDelivery/imageService?profileId=12026539&itemId=1260788-894&recipeName=470
Made Good Chocolate Banana Organic Granola Minis,"Deliciouscombinationofsweetbananaandrichchocolate.MadewithGluten-FreeOatsandallergyfriendly,Organic,Non-GMO,theseMadeGoodsnackscontainonefullservingofvegetables,freefromthe8commonallergens.Smallgranolabitesareperfectforsharingandlovedbykids.Features:CertifiedorganicandfreefromtopallergensCertifiedglutenfreeContainsnutrientsfoundinoneservingofvegetablesfrom6vegetablesourcesNon-GMOVerifiedKosherParve",39.99,https://images.costco-static.com/ImageDelivery/imageService?profileId=12026539&itemId=1226730-894&recipeName=470
Okanagan Gluten Free Chocolate Coconut Energy Bars ,"Withdelectablechocolateandcoconut,energybarshavenevertastedsogood.Fulloffruit,gluten-freeoats,sunflower,flax,andanenergeticblendofpeaprotein,greenteaandginseng,thesebarsrepresentahealthyenergyboostforjam-packeddays.Features:35x50g(1.7oz.)energybars7gplantproteinperbarMadewithpeaproteinGinsengandgreenteaextractHighinironSourceoffibre,potassium,calciumandomega-3polyunsaturatedfattyacidsNopreservatives,artificialcoloursorflavoursGlutenfreeNutfreeVeganManuals,Information&GuidesNutritionFacts",34.99,https://images.costco-static.com/ImageDelivery/imageService?profileId=12026539&itemId=501650-894&recipeName=470
Galerie au Chocolat Vegan Dark Chocolate Drops,"GalerieauChocolathasbeenproducingpremiumchocolateinCanadausingBelgiancouverturessince1985.Overtheyears,theyhavedevelopedwiththeirsupplierstheirowncustomblendsofbeans.Theyarenowproudtoofferyouthreeoftheseextraordinaryblendsineasytomeltdrops.Eatthemrightoutofthebag,meltthemforfonduesorusetheminbaking.Features:DarkchocolatewithamildbitternesswithafreshfruitynoteCompletelydairyfree55%Cocoa2x5kg(10.1lbs)bagsBelgianChocolatePeanutFreeManuals,Information&GuidesNutritonalFactsandValues",129.99,https://images.costco-static.com/ImageDelivery/imageService?profileId=12026539&itemId=1224903-894&recipeName=470
"Lincoln Park 5-piece Crib Set, Chocolate","TheChildCraftLincolnParkcollection’smid-centurymodernstyleiscasual,contemporarywithanurbantwist.Theelegantpictureframedesign,cleanlines,turnedtaperedlegswithdecorativemetalcaps,andattractivehardwarewillbe“pictureperfect”inbaby’sroom.Features:Colour:BrownNonToxicFinishChildCraftLegacyCollectionCrib:ConstructedofpoplarwoodandveneersCribconvertstoatoddlerbed,daybedandfull-sizebedCribsareconstructedofpoplarwoodandveneersStrongmetalmattresssupportwith3adjustableheightoptionsincludedFullBedConversionrequiresstandardmetalbedframe(NotIncluded)Dresser:Constructedofpoplarwoodandveneers6drawersEnglishdovetailjoineryinboththefrontandthebackAhallmarkofqualityconstructionWoodcornerblocksattachedunderneathdrawerprovideaddedstrengthandsupportAdult-sizeddrawersprovidegenerousstoragespaceHigh-qualityfull-extensionballbearingglidesprovidesmoothopenandcloseDrawerinteriorsarefinelysandedsotheysmoothtothetouchFelt-linedtopdrawersaddathoughtfulfinishingtouchNightstand:Allwood1drawerHigh-qualityfull-extensionballbearingglidesprovidesmoothopenandcloseDrawerinteriorsarefinelysandedsotheyaresmoothtothetouchSpecifications:Dimensions(LxWxH):ConvertibleCrib:142.24cmx80.26cmx88.39cm(56in.x31.6in.x34.8in.)Weight:37.6kg(83lb.)Dresser:142.24cmx48.26cmx86.36cm(56in.x19in.x34in.)Weight:75.3kg(166lb.)Nightstand:63.5cmx45.72cmx64.77cm(25in.x18in.x25.5in.)Weight:17.69kg(39lb.)","1,599.99",https://images.costco-static.com/ImageDelivery/imageService?profileId=12026539&itemId=1193542-894&recipeName=470
Callebaut 70% Dark Chocolate Blocks 10 kg,"Callebautisoneofthemostfamousnamesinthechocolateindustry.ThisfabulousBelgianchocolateisofferedin5kgblocks.Youcanbreakthemupinpiecestoserveataparty,usethemtobakeortomakeyourownchocolatesathome.Features:70-30-38NV:Alittlemorebitter,intensebutagreat70%darkchocolate70%cocoacontentTwo5kgblocksBelgianchocolatePeanutandtreenutfree",129.99,https://images.costco-static.com/ImageDelivery/imageService?profileId=12026539&itemId=301180-894&recipeName=470
Callebaut 53% Dark Chocolate Blocks 10 kg,"Callebautisoneofthemostfamousnamesinthechocolateindustry.ThisfabulousBelgianchocolateisofferedin5kgblocks.Youcanbreakthemupinpiecestoserveataparty,usethemtobakeortomakeyourownchocolatesathome.Features:811:Thedarkchocolate“standard”reference–verysmooth,veryflexible,canbeusedinmanyapplications53%cocoacontentTwo5kgblocksBelgianchocolatePeanutandtreenutfree",109.99,https://images.costco-static.com/ImageDelivery/imageService?profileId=12026539&itemId=301178-894&recipeName=470
"Laura Secord Hot Chocolate Mix, 96 K-Cup Pods",LauraSecordsignsthisintenseandcreamyhotchocolate.Thisrichandrefinedbeveragewillremindyouofthefinesseandtheexpertiseoftherenownedchocolatierateachdelicioussip.ForproductandwarrantyrelatedquestionspleasecontactKeurigat1-800-361-5628,78.99,https://images.costco-static.com/ImageDelivery/imageService?profileId=12026539&itemId=439856-894&recipeName=470
"Lincoln Park 4-piece Crib Set, Chocolate","TheChildCraftLincolnParkcollection’smid-centurymodernstyleiscasual,contemporarywithanurbantwist.Theelegantpictureframedesign,cleanlines,turnedtaperedlegswithdecorativemetalcaps,andattractivehardwarewillbe“pictureperfect”inbaby’sroom.Features:Colour:BrownNonToxicFinishChildCraftLegacyCollectionCrib:ConstructedofpoplarwoodandveneersCribconvertstoatoddlerbed,daybedandfull-sizebedCribsareconstructedofpoplarwoodandveneersStrongmetalmattresssupportwith3adjustableheightoptionsincludedFullBedConversionrequiresstandardmetalbedframe(NotIncluded)Dresser:Constructedofpoplarwoodandveneers6drawersEnglishdovetailjoineryinboththefrontandthebackAhallmarkofqualityconstructionWoodcornerblocksattachedunderneathdrawerprovideaddedstrengthandsupportAdult-sizeddrawersprovidegenerousstoragespaceHigh-qualityfull-extensionballbearingglidesprovidesmoothopenandcloseDrawerinteriorsarefinelysandedsotheysmoothtothetouchFelt-linedtopdrawersaddathoughtfulfinishingtouchSpecifications:Dimensions(LxWxH):ConvertibleCrib:142.24cmx80.26cmx88.39cm(56in.x31.6in.x34.8in.)Weight:37.6kg(83lb.)Dresser:142.24cmx48.26cmx86.36cm(56in.x19in.x34in.)Weight:75.3kg(166lb.)","1,399.99",https://images.costco-static.com/ImageDelivery/imageService?profileId=12026539&itemId=1193546-894&recipeName=470
Pure Protein - Chocolate Peanut Butter Protein Bars 6 Boxes,"PureProteinchocolatepeanutbutterisapureparadiseforpeanutbutterloversandanyonewhowantstoeatwellonthego.Keeponecloseathandbecauseyouneverknowwhentemptationislurking.PureProteinchocolatepeanutbutterbars,20gramsofproteinnevertastedsoheavenly.Features:20gramsofproteinperbar2gramsofsugarperbarGlutenfreeGreattasteIngredients:Peanutflour,glycerin,gelatin,maltitolsyrup,wheyproteinconcentrate,water,maltitol,peanuts,modifiedpalmoil,wheyproteinisolate,collagen,peanutoil,sugar,flavour,tapiocastarch,cocoa,salt,sucralose(17mg/50gbar),soylecithin,almondbutter,milkproteinisolateContainsmilk,soy,peanuts,sulfitesandalmondsMaycontaincashewsandsesameseedsNutritionFacts(per50g(1.7oz.)bar):Calories200Amount%dailyvalueFat6g/10%Saturated3g/15%+Trans0.1gCholesterol10mgSodium200mg/8%Carbohydrate16g/5%Fiber1g/5%Sugars2gSugarAlcohols6gProtein20g%dailyvalue:vitaminA2%,vitaminC0%,calcium10%,iron10%",44.99,https://images.costco-static.com/ImageDelivery/imageService?profileId=12026539&itemId=520102-894&recipeName=470
Smart for Life Luckybar Chocolate Campfire Protein Bars,"Luckybaristheall-naturalproteinbardesignedspecificallyforkids(butlovedbyall!).Luckybarsarehighinproteinandlowinsugar!Kidsneedproteintohelpthemgrowanddotheirbestinschool,play,sportsandallactivities.KeepthemnourishedwithdeliciousandnutritiousLuckybars.Fullofdeliciouschocolateandmarshmallow,withagreatcampfiredesign,thisisaproteinbaryourkidswilllove.EachLuckybarhas13gofprotein,whichismoreproteinthan2largeeggs.Lowinsugar.ChocolateCampfireLuckybaronlyhas7gofsugar.Features:AllnaturalNon-GMOGlutenfreeNoartificialcoloursorpreservatives18-monthshelflifefrominnovativepackagingsystemSizedjustrightforsmallhandsandbelliesGreatforbreakfast,lunch,snacksoron-the-goFunstickersincludedineverybox!KidslovethefunpackagingwiththeLuckykidsroastingmarshmallowsatacampsiteTastesgreatDeliciouschocolateandmarshmallowCoatedindecadentchocolateEachbarweighs36g",79.99,https://images.costco-static.com/ImageDelivery/imageService?profileId=12026539&itemId=1180894-894&recipeName=470
Pure Protein - Chocolate Chip Protein Bars 6 Boxes,"PureProteinchewychocolatechipbarsareagreatchoiceforanybodywholikestolickthespoon.Keeponecloseathandbecauseyouneverknowwheretemptationislurking.PureProteinchewychocolatechipbars,20gramsofproteinnevertastedsoheavenly.Features:PureProtein®20gramsofprotein3gramsofsugarGlutenfreeGreattasteIngredients:Glycerin,soyproteinisolate,gelatin,wheyproteinconcentrate,maltitolsyrup,water,maltodextrin,wheyproteinisolate,maltitol,modifiedpalmoil,sugar,milkproteinisolate,collagen,canolaoil,flavour,wholemilkpowder,chocolateliquor,tapiocastarch,cocoa,cocoabutter,cocoaextract,fructose,soylecithin,sucralose(16mg/50gbar),milkfat,vanilla,xanthangumpowder,salt,peanutflour,almondbutterContainsmilk,soy,sulfites,almondsandpeanutsMaycontainsesameseedsandcashewsNutritionFacts(per50g(1.7oz.)bar):Calories200Amount/%dailyvalueCarbohydrate18g/6%Fiber2g/8%Sugars3gSugaralcohols5gProtein20gFat5g/8%Saturated3g/16%+Trans0.1gCholesterol15mgSodium110mg/5%%dailyvalue:vitaminA2%,vitaminC0%,calcium15%,iron10%",44.99,https://images.costco-static.com/ImageDelivery/imageService?profileId=12026539&itemId=520100-894&recipeName=470
Premier Protein Shake - Chocolate 2 x 18 bottles,"ThisitemmaycurrentlybeinstockatyourlocalCostcowarehouseforimmediatepurchaseatacashandcarryprice.Protein,protein,protein.PremierProtein®lovesproteinbecauseitisessentialforahealthyandactivelife.Butgettingenoughishard,especiallyproteinthatdoesn’tcomewithtoomanycaloriesortoomuchfat.That’swhytheymakedelicious,essentialproteinthatcurbshungerandfuelsyourenergyforwhateveryoulovetodo.PremierProtein®325ml(11oz.)shakescomeinconvenient,shelf-stableandenvironmentallyfriendlyTetraPakcartons.Eachshakecontains30gramsofprotein,1gramofsugar,andjust160calories.Features30gramsofprotein,includingalloftheessentialaminoacids24vitaminsandmineralsAnexcellentsourceofcalciumJust160caloriesLowinfatandonlyonegramofsugar36x325mlManuals,Information&GuidesNutritionInformation",75.99,https://images.costco-static.com/ImageDelivery/imageService?profileId=12026539&itemId=1259187-894&recipeName=470
Pure Protein - Chocolate Deluxe Protein Bars 6 Boxes,"Formanyofus,chocolateisheaven.WiththePureProteinchocolatedeluxebarsyougetalltheflavourofchocolatewithoutallofthesugar.PureProteinchocolatedeluxebarsareaperfecton-the-gosnackforanyactiveandhealthylifestyle.Features:PureProtein®21gramsofproteinperbar3gramsofsugarperbarGlutenfreeGreattasteIngredients:Milkproteinisolate,glycerin,gelatin,cocoa,water,wheyproteinconcentrate,maltitol,wheyproteinisolate,maltitolsyrup,modifiedpalmoil,sugar,collagen,wholemilkpowder,chocolateliquor,flavour,peanutflour,cocoabutter,soylecithin,sucralose(17mg/50gbar),milkfat,cocoaextract,fructose,vanilla,almondbutterContainsmilk,soy,sulfites,peanutsandalmondsMaycontainsesameseedsandcashewsNutritionFacts:Per1bar50g(1.7oz.)Amount%dailyvalueCalories180Fat4.5g/7%Saturated3g/16%+Trans0.1gCholesterol10mgSodium85mg/4%Carbohydrate17g/6%Fiber2g/8%Sugars3gSugarAlcohols4gProtein21g%dailyvalue:vitaminA2%,vitaminC0%,calcium12%,iron15%",44.99,https://images.costco-static.com/ImageDelivery/imageService?profileId=12026539&itemId=520101-894&recipeName=470
Maple Terroir Maple Syrup Dark Chocolate Roasted Almonds,"MapleTerroirisoneofthemostrecognizedmaplebrandsinCanada.Addingtotheirfinecollectionofhigh-qualitymaplerelatedproducts,thisuniquedouble-roasted,non-GMOalmondsdippedinpuremaplesyrupanddarkchocolate,thencoatedwith70%cocoa.Thisremarkableblendoffersarichchocolatetaste,lightcrunchybite,withasubtlemapleflavour.Features:18individualbagsinagiftbox1.8kg(4lb.)total12-monthshelf-lifeinacoolplaceCanadiangrown,Canadianmade",69.99,https://images.costco-static.com/ImageDelivery/imageService?profileId=12026539&itemId=1266542-894&recipeName=470
Kaizen Naturals Chocolate Whey Protein Isolate 2-pack,"ThisitemmaycurrentlybeinstockatyourlocalCostcowarehouseforimmediatepurchaseatacashandcarryprice.KaizenNaturalswheyproteinisolatechocolatesupplies35gofproteinperservinginagreat-tastingshakethat’sperfectforanyonewhoneedsmoredailyprotein.Whetheryouareactivelyinvolvedinsportsorsimplywanttomaintaingoodhealth,ahighqualityproteinlikeKaizenNaturalswheyproteinisolatecanhelpyouachieveyourgoals.Thereisnosucralose,aspartame,oracesulfamepotassium.Theonlysweetenerusedisplant-basedstevia,anaturalalternativetotablesugarandunnaturalsugarsubstitutes.Features:2x2kg(70.5oz.)chocolatewheyproteinisolateGreat-tastingandmixeseasilyintoanyliquidFormulaisglutenfreeSweetenedwithsteviaNoaddedsugarEasy-to-digest,fast-absorbingproteinNoartificialsweetenersNoartificialflavoursorcoloursNohormones,pesticidesorGMOsGreattouseafterexerciseorasasnackbetweenmealsKaizenisproudlyCanadianownedandoperated",109.99,https://images.costco-static.com/ImageDelivery/imageService?profileId=12026539&itemId=1259695-894&recipeName=470
"Love Good Fats Coconut Chocolate Chip Snack Bars, 2-pack","Fatisback.Sugarisout.Newridiculouslydelicious,KETObars.Creamy,truffle-like,melt-in-your-mouthfillingsnacks.ThisisthecreamiestoftheSuzie’sGoodFatssnackbars.Onlymadewithclean,wholesomeingredients.Yourtastebudswillbeinoverdriveatthefirstbite.Andeversosatisfying–you’llfeelfullerlonger.Features:KetofriendlyGlutenfreeNonGMOSoyfreeResponsiblysourcedKosherNosugaralcoholLoadedwithgoodfats",49.99,https://images.costco-static.com/ImageDelivery/imageService?profileId=12026539&itemId=1293795-894&recipeName=470
"Love Good Fats Mint Chocolate Chip Snack Bars, 2-pack","Fatisback.Sugarisout.Newridiculouslydelicious,KETObars.Thesmelloffreshminthitsyoursensesasyousnapopenthewrapper–andacreamymelt-in-your-mouthfillingtruffle-likeexperienceofmintandchocolatechipsfollows.Onlymadewithclean,wholesomeingredients.Yourtastebudswillbeinoverdriveatthefirstbite.Andeversosatisfying–you’llfeelfullerlonger.Features:KetofriendlyGlutenfreeNonGMOSoyfreeResponsiblysourcedKosherNosugaralcoholLoadedwithgoodfats",49.99,https://images.costco-static.com/ImageDelivery/imageService?profileId=12026539&itemId=1293794-894&recipeName=470
"KIND Cherry Dark Chocolate, 12 × 40 g (1.4 oz)",KindbarDarkchocolatecherryAllnaturalGluten-freeGoodsourceoffiberNotransfat,19.69,https://images.costco-static.com/ImageDelivery/imageService?profileId=12026539&itemId=2217605-894&recipeName=470
Galerie au Chocolat 34% Milk Chocolate Pastilles 10 kg,"GalerieauChocolathasbeenproducingpremiumchocolateinCanadausingBelgiancouverturessince1985.Overtheyears,theyhavedevelopedwiththeirsupplierstheirowncustomblendsofbeans.Theyarenowproudtoofferyouthreeoftheseextraordinaryblendsineasytomeltdrops.Eatthemrightoutofthebag,meltthemforfonduesorusetheminbaking.Features:Creamymilkchocolate34%cocoacontentTwo5kgbagsBelgianchocolatePeanutfree",119.99,https://images.costco-static.com/ImageDelivery/imageService?profileId=12026539&itemId=301170-894&recipeName=470
"Zavida Single Serve Coffee Bavarian Chocolate, 96 Cups ","IntroducingZavidaCoffee'snewBavarianChocolateSingleServeCoffeeCups!Fromthefirstsustainablesiptothelastdelicatedrop,experienceafull-bodiedandrichtastewithahintofsweetnessandanice,cleanfinish.EnjoyyourfavouriteZavidaCoffeeonecupatatime.Greatforhomeandtheoffice.Features:ProudlyroastedinCanadasince1980100%RainforestAllianceCertifiedCarbonNeutralCertifiedKosherCertifiedCompatiblewithKeurig®2.0Zavida®hasnoaffiliationwithKeurig®orK-Cup®Specifications:4x24-countSingleServeCoffeeCups(Total96cups)10gramsoffreshlyroastedandgroundcoffeepercup",54.99,https://images.costco-static.com/ImageDelivery/imageService?profileId=12026539&itemId=1011829-894&recipeName=470
Galerie au Chocolat Organic Fair Trade Dark 72% Chocolate Drops,"GalerieauChocolathasbeenproducingpremiumchocolateinCanadausingBelgiancouverturessince1985.Overtheyears,theyhavedevelopedwiththeirsupplierstheirowncustomblendsofbeans.Theyarenowproudtoofferyouthreeoftheseextraordinaryblendsineasytomeltdrops.Eatthemrightoutofthebag,meltthemforfonduesorusetheminbaking.Features:Certifiedorganic&fairtrade72%CocoaMildbitterness&afreshfruitynoteMadewith100%organicNOPfairtradeingredients2x5kg(10.1lbs)bagsBelgianChocolatePeanutFreeManuals,Information&GuidesNutritonalFactsandValues",159.99,https://images.costco-static.com/ImageDelivery/imageService?profileId=12026539&itemId=1224904-894&recipeName=470
Galerie au Chocolat 72% Dark Chocolate Pastilles 10 kg,"GalerieauChocolathasbeenproducingpremiumchocolateinCanadausingBelgiancouverturessince1985.Overtheyears,theyhavedevelopedwiththeirsupplierstheirowncustomblendsofbeans.Theyarenowproudtoofferyouthreeoftheseextraordinaryblendsineasytomeltdrops.Eatthemrightoutofthebag,meltthemforfonduesorusetheminbaking.Features:Intense,alittlemorebitter72%cocoacontentTwo5kgbagsBelgianchocolatePeanutfree",124.99,https://images.costco-static.com/ImageDelivery/imageService?profileId=12026539&itemId=301171-894&recipeName=470
Galerie au Chocolat 60% Dark Chocolate Pastilles 10kg,"GalerieauChocolathasbeenproducingpremiumchocolateinCanadausingBelgiancouverturessince1985.Overtheyears,theyhavedevelopedwiththeirsupplierstheirowncustomblendsofbeans.Theyarenowproudtoofferyouthreeoftheseextraordinaryblendsineasytomeltdrops.Eatthemrightoutofthebag,meltthemforfonduesorusetheminbaking.Features:Standardsemi-sweetdarkchocolate60%cocoacontentTwo5kgbagsBelgianchocolatePeanutfree",114.99,https://images.costco-static.com/ImageDelivery/imageService?profileId=12026539&itemId=301133-894&recipeName=470
Galerie au Chocolat White Chocolate Drops 29% Cacao,"GalerieauChocolathasbeenproducingpremiumchocolateinCanadausingBelgiancouverturessince1985.Overtheyears,theyhavedevelopedwiththeirsupplierstheirowncustomblendsofbeans.Theyarenowproudtoofferyouthreeoftheseextraordinaryblendsineasytomeltdrops.Eatthemrightoutofthebag,meltthemforfonduesorusetheminbaking.Features:Wellbalancedwithavanillaflavorandanoteofcookedmilk29%Cocoa2x5kg(10.1lbs)bagsBelgianChocolatePeanutFreeManuals,Information&GuidesNutritonalFactsandValues",129.99,https://images.costco-static.com/ImageDelivery/imageService?profileId=12026539&itemId=1224908-894&recipeName=470
"Zavida Single Serve Coffee Raspberry Chocolate, 96 Cups","IntroducingZavida’sraspberrychocolatesingleservecoffeecups.Acombinationofdecadentchocolate,freshraspberryflavour,blendedwithZavida’spremiumdarkroastcoffee.EnjoyyourfavouriteZavidacoffee1cupatatime.Greatforhomeandtheoffice.Features:ProudlyroastedinCanadasince1980100%RainforestAlliancecertifiedCarbonneutralcertifiedKoshercertifiedKeurig®2.0compatibleZavida®hasnoaffiliationwithKeurig®orK-Cup®Specifications:4x24-countsingleservecoffeecups(total96cups)10gramsoffreshlyroastedandgroundcoffeepercup",54.99,https://images.costco-static.com/ImageDelivery/imageService?profileId=12026539&itemId=1229076-894&recipeName=470
"Kirkland Signature Chocolate Chips, Semi-Sweet, 2 kg (4.4 lb), 2-pack",ThisitemmaycurrentlybeinstockatyourlocalCostcowarehouseforimmediatepurchaseatacashandcarryprice.Semi-sweetchocolatechips51%cocoaRealVanillaMadewithcanesugarMadewithsustainablysourcedcocoaGMO-free2x2kg(4.4lb),29.99,https://images.costco-static.com/ImageDelivery/imageService?profileId=12026539&itemId=2847473-894&recipeName=470
Smart for Life - 20-day Irresistible Winner Chocolate Chip Cookies Kit,"ThesecookiesarenamedWinnerbecauseofallofthetasteteststhattheyhavewon.Youwon'tbelievehowgreattheytastefreshoutofthebox.Thesecookiescanalsoberefrigeratedforanenhancedcrispchocolatetastebutrefrigerationisoptionalaccordingtoyourtastes.SmartforLife™isacomprehensiveapproachtofeelingfulfilledthroughouttheday.Theseproductsadddeliciousvarietytotheprogramandaremadewithallnatural,60%organicingredients,whicharescientificallyformulated,tobeaperfectbalanceoffiber,proteinandcarbohydratesthatcouldhelpnaturallysuppresstheappetite.ThePackageIncludes:10boxesofWinnerChocolateChipCookies(12cookiepacksperbox)Unlimitedphonesupport,1-877-601-7277Manuals,Information&GuidesIngredientsList",154.99,https://images.costco-static.com/ImageDelivery/imageService?profileId=12026539&itemId=315905-894&recipeName=470
Kirkland Signature Soft & Chewy Chocolate Chip Chewy Granola Bar - 2-pack,"ThisitemmaycurrentlybeinstockatyourlocalCostcowarehouseforimmediatepurchaseatacashandcarryprice.GoaheadandtreatyourselftotheseKirklandSignatureSoft&ChewyGranolaBars.Theyaremadewiththefinestingredientsanddonotcontainanyartificialflavorsorcolors.Wholegrainoatsaregentlyblendedwithsemisweetchocolatechips,ricecrisps,sugar,honeyandunsweetenedcoconut.Theendresultisamouth-watering,softandchewytexturesuretobeenjoyedbythewholefamily.Features:128x24g(0.8oz.)bars100caloriesperbar",20.79,https://images.costco-static.com/ImageDelivery/imageService?profileId=12026539&itemId=1198679-894&recipeName=470
Bestar Uptown II Chocolate Height Adjustable Table (24 in. x 48 in.),"Equipyourofficewiththelatesttechnologywhichwillallowyoutositorstandwhileworking,allowingavarietyofposturesduringtheday.Healthisallaboutmovement,andtheUptownworkstationallowsyoutoquicklyandquietlyadjustthereturnfrom71.4cmto114.2cm(28.1in.to45in.).Thedigitaldisplaymemoryswitch,locatedonthefrontedgeofthereturn,has4memorypositionsandshowstheheightofthetableandthestationaryshelfundertheheightadjustabletableprovidesconvenientstorage.Getmovingwiththeheightadjustabletable,Bestar’ssolutionfortoday’smodernoffice.Features:Colour:ChocolateCommercialgradeworksurfaceswithmelaminefinishthatresistscratches,stainsandburnsFreestandingheightadjustabletablefrom71.4cmto114.2cm(28.1in.to45in.)highElectricmechanism;110VvoltageDigitaldisplaymemoryswitchwith4memorypositionsStationeryshelfof19.98cmx102.23cmx23.79cm(7.87in.x40.25in.x9.37in.)Assemblyrequired.MadeinCanadaSpecifications:Dimensions(LxWxH):59.6cmx120cmx71.4cmto114.2cm(23.5in.x47.2in.x28.1in.to45in.)Weight:54.8kg(121lb.)Model:65859-69",569.99,https://images.costco-static.com/ImageDelivery/imageService?profileId=12026539&itemId=1117462-894&recipeName=470
NAGI Raw Organic Energy Bars - Chocolate Quinoa Coconut - Gluten-Free and Vegan 12-pack,"Uniqueanddeliciousorganicenergybarlinecreatedbyahealthandfitnessexperttokeepyounourishedandenergized.NAGIisallaboutfuelingyourbodywithwholesomegoodness,thingsthatyourbodylovesandyoulovetoo!Youwilllovethesebars,andhere'swhy;healthy,nutrient-densesuperfoodingredients;vegan,organic,non-GMO,gluten/soy/dairyfree.Containsunder200calories,8gfibreand12gprotein.Features:Chocolatequinoacoconutflavour12barsof53g(1.9oz.)eachUnder200caloriesHighinprotein(12g)andfibre(8g)LowinnaturalsugarsDeliciousNutrientdenseRawSuperfoodVegan–plantbased100%organicGMOfreeGlutenfreeSoyfreeDairyfree7monthshelflifefromdateofmanufactureFormaximumshelflifestoreinacoolanddryplaceToextendbeyondbestbydatecanrefrigerateorfreezeMaycontaintracesofpeanuts,treenutsand/orsesameMaycontainapricots/prunesand/orfragmentsoffruitpitsand/orseedshells.",39.99,https://images.costco-static.com/ImageDelivery/imageService?profileId=12026539&itemId=9216001-894&recipeName=470
Bestar Uptown II Chocolate Height Adjustable Table (30 in. x 60 in.),"Equipyourofficewiththelatesttechnologywhichwillallowyoutositorstandwhileworking,allowingavarietyofposturesduringtheday.Healthisallaboutmovement,andtheUptownworkstationallowsyoutoquicklyandquietlyadjustthereturnfrom71.4cmto114.2cm(28.1in.to45in.).Thedigitaldisplaymemoryswitch,locatedonthefrontedgeofthereturn,has4memorypositionsandshowstheheightofthetableandthestationaryshelfundertheheightadjustabletableprovidesconvenientstorage.Getmovingwiththeheightadjustabletable,Bestar’ssolutionfortoday’smodernoffice.Features:Colour:ChocolateCommercialgradeworksurfaceswithmelaminefinishthatresistscratches,stainsandburnsFreestandingheightadjustabletablefrom71.4cmto114.2cm(28.1in.to45in.)highElectricmechanism;110VvoltageDigitaldisplaymemoryswitchwith4memorypositionsStationeryshelfof19.98cmx132.71cmx23.79cm(7.87in.x52.25in.x9.37in.)Assemblyrequired.MadeinCanadaSpecifications:Dimensions(LxWxH):75cmx150.6cmx71.4cmto114.2cm(29.5in.x59.3in.x28.1in.to45in.)Weight:63.95kg(141lb.)Model:65869-69",649.99,https://images.costco-static.com/ImageDelivery/imageService?profileId=12026539&itemId=1117458-894&recipeName=470
PGX® SATISFAST™ - PGX® & Whey Protein Rich Chocolate - 432 g - 2-pack,"Feelfulllonger,controlappetiteandhelpbloodsugarbalancewithwebbernaturalsSatisfast™,acombinationofPGX(PolyGlycopleX®)andWheyProtein.PGX(PolyGlycopleX®)isanovelcomplexofwater-solublepolysaccharides(plantfibres)thateffectivelybalancesbloodsugarlevels,reducesappetite,andhelpsweightloss.DailyuseofPGX®alonehasimprovedbloodsugarbalanceandresultedinsteadyweightloss.Proteinthroughoutthedayhelpscontrolhunger,decreasingtotalcalorieintake.Newresearchshowsthatwheyproteinonitsowncanalterbodycompositionandhelpweightlossbetterthanotherproteins.Satisfast™PGX&WheyProteindrinkmixbywebbernaturalscontainswheyproteinthatishighinbranched-chainaminoacidsandproteinmicrofractions.Satisfastcanbetaken30-60minutesbeforemealssothathungerisreducedandsmallermealportionsareeaten.Benefitfromnewresearchwithdelicious,easy-to-takeSatisfast™.Atonly60to70caloriesperserving,itwillkeepyoufeelingfullforhours,increaseyourproteinconsumption,balancebloodsugarlevelsandsupporthealthyweightloss.Featuresandbenefits:Pre-mealdrinkmixthatcontainsclinicallystudiedPGXwithwheyproteinpowder10gofwheyproteinand2.5gofPGX®perservingLowcalorie,only60caloriesperservingFeelfullforhoursPromotehealthybloodsugarlevelsHelpslowertheglycemicindexReduceelevatedtotalandLDLcholesterollevelsContainsdigestiveenzymes24servingspercontainerContainsnoartificialcolours,preservativesorsweetenersContainsnoyeastNPN80045631RichChocolateflavourWeight:2x432gDosage(Adults):Add1scoop(18g)andmixinto150mLofwaterandshakeorblenduntilsmoothDrinkanadditionalglassofwater(250–500mL)aftertakingPGX®Beginwith1scoopandgraduallyincreaseoverseveraldaysastoleratedTakeupto1scoop3timesdailywithorwithoutfoodorasdirectedbyaphysicianConsultaphysicianforprolongeduseServings:24servingsCautionsandWarnings:AsmallpercentageofpeoplemayinitiallyexperienceminordigestivechangeswhentakingPGX®SlowlyworkuptothefulldosetogiveyourbodytimetoadjustItisimportanttodrinkadequateamountsofwater(250–500mL)aftertakingPGX®Ifyouaretakingmedication,takeitonehourpriorto,ortwohoursaftertakingPGX®Consultaphysicianpriortouseifyouarefollowingalowproteindiet,ifyouhavegastrointestinallesions/ulcers,liverorkidneydisease,aretakinganticoagulantagents/bloodthinner,anti-inflammatoryagentsorantibiotics,orifyouarediabeticoroncholesterolloweringmedications,beforehavingsurgeryorifyourgoalistoachieveweightlossorifyouhaveallergytolatexorfruits(suchasavocado,banana,chestnut,passionfruit,fig,melon,mango,kiwi,pineapple,peach,andtomato)Consultaphysicianifyouareunder18yearsofage,orhaveanyhealthconcerns.DonotuseifyouarepregnantorbreastfeedingorifyouhaveamilkallergyHypersensitivity/allergy,nausea,vomiting,anddiarrheahavebeenknowntooccur,inwhichcasediscontinueuseandconsultaphysicianMaycausemildgastrointestinaldisturbancessuchastemporarygas,bloating,constipationandabdominalpainStorage:Keepoutofreachofchildren",57.99,https://images.costco-static.com/ImageDelivery/imageService?profileId=12026539&itemId=430440-894&recipeName=470
Kilo Solution Lean Snacks Quinoa bars – Apricot- Pineapple and Chocolate- Cranberries 48-pack,"IsabelleHuot,Ph.Dinnutrition,presentsyouthenewestKiloSolutionLeanSnacks:asuperiorquality,arevampedflavorandrigorousnutritionalcriteria!KiloSolutionLeanSnacksarecaloriecontrolled,alsoaperfectbalanceofproteinsandcarbohydratesforlong-termenergy,nopreservatives,andnoGMOs.Leansnacksslipeasilyintoasportbagorahandbagfortheafternoonsnackorafterasportsession.*EverysnackismadeinCanadafromdomesticandimportedingredientsPackofour2kindofquinoabars:quinoa,abricotandpineapplebarsandquinoa,chocolateandcranberriesbars.Features:Portion32gProtein6-7gCalories140HighsourceoffiberOnly5-20mgofsodium2boxesof24quinoabarsManuals,Information&GuidesNutritionalFactsandValues",49.99,https://images.costco-static.com/ImageDelivery/imageService?profileId=12026539&itemId=1204631-894&recipeName=470
Maxwell Wingback Headboard,"SpruceupthelookofyourbedroomwiththewarmandcomfortableMaxwellwingbackadjustableheadboard.TheMaxwellhasawingbackdesignandtuftingforalookthatmakesthispiecestandoutamongstitscompetitors.Includingheight-adjustablelegs,theMaxwellcanattachtoalmostanyking,queenordoublemetalframebed.AddsophisticatedtastetoyourbedroomdesignwiththeMaxwellandyou’llwonderhowyoueversleptwithoutit.Availablesizes:kingandqueen/doubleAvailablecolours:brown,beigeandgreyFeatures:Colours:ChocolatebrownandbeigeUpholsteredinpolyesterandviscoseblendwithbuttontuftsAdjustableironlegsAbletofitmostking,queenanddoublemetalbedframesAssemblyrequired;toolsandinstructionsincludedSpecifications:Dimensions(LxWxH):King:210.1cmx17cmx135.6cm(82.7in.x6.7in.x53.4in.)Weight:21.3kg(47lb.)Queen/Double:159cmx17cmx135.6cm(62.2in.x6.7in.x53.4in.)Weight:17.7kg(39lb.)",Mjk5Ljk5,https://images.costco-static.com/ImageDelivery/imageService?profileId=12026539&itemId=100150297-894&recipeName=470
Bestar - Boutique White Armoire,"OrganizeyourspacewiththeBoutiquefreestandingwardrobe.Thefulllengthframeddoorsopentostoragesolutionsthatwillcutclutterandstress.Thepulloutshoeracksholdshoesofdifferentheightsallowingyoutoseeyourentirecollectionataglance.Theadjustableshelvesanddrawerscanbeconfiguredinmanyways,soyoucantailorthisstoragewardrobetofulfilyourneeds.Twopolesareprovidedtohangbulkieritemsandthe5hooksontheinsideofeachdoororganizeties,scarvesandbelts.TheBoutiquearmoirematchesotheritemsintheBoutiquecollection.OpenanewdoorandorganizeyourspacewiththeBoutiquearmoire.Features:Whitefinish2shakerdoors4adjustableshelves2adjustabledrawersShelvesanddrawerscanbeinstalledoneithertheleftorrightside2polestohangclothes10hookstohangties,beltsorotheraccessoriesMetalshoerackforeasyaccesstoallshoesBallbearingslidesforsmoothandsilentoperationStainlesssteelpullsReadytoassemble;assemblyrequiredIndustrialgradehighdensityM2particleboardcore,CARB2compliant,withcommercialgradelaminatefinishWoodcomponentsmadeinCanada,metalpartsmadeinChinaSpecifications:Dimensions(LxWxH):123.8cmx52.6cmx212.5cm(48.7in.x20.7in.x83.7in.)Weight:152.4kg(336lb.)Accessoriesareforillustrationpurposesonlyandarenotincluded.Warranty:Limited,10yearsModel:26861",769.99,https://images.costco-static.com/ImageDelivery/imageService?profileId=12026539&itemId=1022137-894&recipeName=470
Bestar - Boutique Brown Armoire,"OrganizeyourspacewiththeBoutiquefreestandingwardrobe.Thefulllengthframeddoorsopentostoragesolutionsthatwillcutclutterandstress.Thepulloutshoeracksholdshoesofdifferentheightsallowingyoutoseeyourentirecollectionataglance.Theadjustableshelvesanddrawerscanbeconfiguredinmanyways,soyoucantailorthisstoragewardrobetofulfilyourneeds.Twopolesareprovidedtohangbulkieritemsandthe5hooksontheinsideofeachdoororganizeties,scarvesandbelts.TheBoutiquearmoirematchesotheritemsintheBoutiquecollection.OpenanewdoorandorganizeyourspacewiththeBoutiquearmoire.Features:Chocolatebrownfinish2shakerdoors4adjustableshelves2adjustabledrawersShelvesanddrawerscanbeinstalledoneithertheleftorrightside2polestohangclothes10hookstohangties,beltsorotheraccessoriesMetalshoerackforeasyaccesstoallshoesBallbearingslidesforsmoothandsilentoperationStainlesssteelpullsReadytoassemble;assemblyrequiredIndustrialgradehighdensityM2particleboardcore,CARB2compliant,withcommercialgradelaminatefinishWoodcomponentsmadeinCanada,metalpartsmadeinChinaSpecifications:Dimensions(LxWxH):123.8cmx52.6cmx212.5cm(48.7in.x20.7in.x83.7in.)Weight:152.4kg(336lb.)Accessoriesareforillustrationpurposesonlyandarenotincluded.Warranty:Limited,10yearsModel:26861",769.99,https://images.costco-static.com/ImageDelivery/imageService?profileId=12026539&itemId=1022136-894&recipeName=470
